codon,amino_acid,3_letter_abbreviation,1_letter_abbreviation
AAA,Lysine,Lys,K
AAC,Asparagine,Asn,N
AAG,Lysine,Lys,K
AAU,Asparagine,Asn,N
ACA,Threonine,Thr,T
ACC,Threonine,Thr,T
ACG,Threonine,Thr,T
ACU,Threonine,Thr,T
AGA,Arginine,Arg,R
AGC,Serine,Ser,S
AGG,Arginine,Arg,R
AGU,Serine,Ser,S
AUA,Isoleucine,Ile,I
AUC,Isoleucine,Ile,I
AUG,Methionine,Met,M
AUU,Isoleucine,Ile,I
CAA,Glutamine,Gln,Q
CAC,Histidine,His,H
CAG,Glutamine,Gln,Q
CAU,Histidine,His,H
CCA,Proline,Pro,P
CCC,Proline,Pro,P
CCG,Proline,Pro,P
CCU,Proline,Pro,P
CGA,Arginine,Arg,R
CGC,Arginine,Arg,R
CGG,Arginine,Arg,R
CGU,Arginine,Arg,R
CUA,Leucine,Leu,L
CUC,Leucine,Leu,L
CUG,Leucine,Leu,L
CUU,Leucine,Leu,L
GAA,Glutamic acid,Glu,E
GAC,Aspartic acid,Asp,D
GAG,Glutamic acid,Glu,E
GAU,Aspartic acid,Asp,D
GCA,Alanine,Ala,A
GCC,Alanine,Ala,A
GCG,Alanine,Ala,A
GCU,Alanine,Ala,A
GGA,Glycine,Gly,G
GGC,Glycine,Gly,G
GGG,Glycine,Gly,G
GGU,Glycine,Gly,G
GUA,Valine,Val,V
GUC,Valine,Val,V
GUG,Valine,Val,V
GUU,Valine,Val,V
UAA,Stop codon,STOP,_
UAC,Tyrosine,Tyr,Y
UAG,Stop codon,STOP,_
UAU,Tyrosine,Tyr,Y
UCA,Serine,Ser,S
UCC,Serine,Ser,S
UCG,Serine,Ser,S
UCU,Serine,Ser,S
UGA,Stop codon,STOP,_
UGC,Cysteine,Cys,C
UGG,Tryptophan,Trp,W
UGU,Cysteine,Cys,C
UUA,Leucine,Leu,L
UUC,Phenylalanine,Phe,F
UUG,Leucine,Leu,L
UUU,Phenylalanine,Phe,F